"Source Name","E-Mail From","E-Mail To","Subject","Date Received","Message (Plaintext)","Message ID","Data Source"
"447018D5-00000006.eml","robert.ripoff@gmx.com;","wilsonjimmy807@gmail.com;","New email address","2014-02-17 01:55:09 SGT","Jimmy
Here is my new email address I lost the other one
I will forward to you the info for the itmes that i need you to make for me
Robert","Not available","2020JimmyWilson.E01"
"196A62A1-00000008.eml","robert.ripoff@gmx.com;","wilsonjimmy807@gmail.com;","Re: new price list","2014-02-17 06:26:52 SGT","Jimmy,
I'm ok with the new prices, I attached what I need to ts email
Let me know when you finish the task
Robert






----- Original Message -----
From: wilso...","Not available","2020JimmyWilson.E01"
"59106BB8-00000005.eml","jose.badguy@hushmail.com;","wilsonjimmy807@gmail.com;","R U Still in business","2014-02-17 02:01:25 SGT","Jimmy,

	Haven't heard from you in a long time, Are you still in business, I
need some items made.

	let me know

Jose
 Sent using Hushmail","Not available","2020JimmyWilson.E01"
"5ECE797A-00000007.eml","jose.badguy@hushmail.com;","wilsonjimmy807@gmail.com;","Re: New Price List","2014-02-17 05:02:29 SGT","Jimmy
	The new price list is ok, here is what I need
	Jose
 Sent using Hushmail
On ‎2‎/‎16‎/‎2014 at 3:48 PM, wilsonjimmy807@gmail.com
wrote:    Jose,   the new...","Not available","2020JimmyWilson.E01"
"00294823-00000006.eml","jose.badguy@hushmail.com;","wilsonjimmy807@gmail.com;","R U Still in business","2014-02-17 02:01:25 SGT","Jimmy,

	Haven't heard from you in a long time, Are you still in business, I
need some items made.

	let me know

Jose
 Sent using Hushmail","Not available","2020JimmyWilson.E01"
"0C191CD4-0000000D.eml","jose.badguy@hushmail.com;","wilsonjimmy807@gmail.com;","Re: New Price List","2014-02-17 05:02:29 SGT","Jimmy
	The new price list is ok, here is what I need
	Jose
 Sent using Hushmail
On ‎2‎/‎16‎/‎2014 at 3:48 PM, wilsonjimmy807@gmail.com
wrote:    Jose,   the new...","Not available","2020JimmyWilson.E01"
"15611658-0000000C.eml","wilsonjimmy807@gmail.com;","robert.ripoff@gmx.com;","new price list","2014-02-17 04:53:57 SGT","Robert,

Attached you will find my new price list

Jimmy","Not available","2020JimmyWilson.E01"
"3D6C2CD6-00000008.eml","wilsonjimmy807@gmail.com;","robert.ripoff@gmx.com;","Re: New email address","2014-02-17 03:32:15 SGT","Ok

make sure you send it in a best crypt encode test file with the password we discussed earlier

From: Robert Ripoff 
Sent: Sunday, February 16, 2014 12:55 PM...","Not available","2020JimmyWilson.E01"
"40564E1D-0000000E.eml","robert.ripoff@gmx.com;","wilsonjimmy807@gmail.com;","Re: new price list","2014-02-17 06:26:52 SGT","Jimmy,
I'm ok with the new prices, I attached what I need to ts email
Let me know when you finish the task
Robert






----- Original Message -----
From: wilso...","Not available","2020JimmyWilson.E01"
"5F901649-0000000A.eml","wilsonjimmy807@gmail.com;","jose.badguy@hushmail.com;","New Price List","2014-02-17 04:48:48 SGT","Jose,

the new price list is attached

Jimmy","Not available","2020JimmyWilson.E01"
"67844AE1-00000007.eml","robert.ripoff@gmx.com;","wilsonjimmy807@gmail.com;","New email address","2014-02-17 01:55:09 SGT","Jimmy
Here is my new email address I lost the other one
I will forward to you the info for the itmes that i need you to make for me
Robert","Not available","2020JimmyWilson.E01"
"6DF15AF1-0000000B.eml","wilsonjimmy807@gmail.com;","robert.ripoff@gmx.com;","New Price List","2014-02-17 04:50:41 SGT","Robert,

Attached is my new price list

Jimmy","Not available","2020JimmyWilson.E01"
"72AE6952-00000009.eml","wilsonjimmy807@gmail.com;","jose.badguy@hushmail.com;","Re: R U Still in business","2014-02-17 03:35:28 SGT","Yes I am, My old computer crashed and I had to get a new one,

I just got everything sent up

when you request items make sure you send it in a best crypt encod...","Not available","2020JimmyWilson.E01"
"0AD87FD6-00000003.eml","wilsonjimmy807@gmail.com;","jose.badguy@hushmail.com;","New Price List","2014-02-17 04:48:48 SGT","Jose,

the new price list is attached

Jimmy","Not available","2020JimmyWilson.E01"
"2F9434A6-00000005.eml","wilsonjimmy807@gmail.com;","robert.ripoff@gmx.com;","new price list","2014-02-17 04:53:57 SGT","Robert,

Attached you will find my new price list

Jimmy","Not available","2020JimmyWilson.E01"
"40DC0D8B-00000002.eml","jose.badguy@hushmail.com;","wilsonjimmy807@gmail.com;","Re: New Price List","2014-02-17 05:02:29 SGT","Jimmy
	The new price list is ok, here is what I need
	Jose
 Sent using Hushmail
On ‎2‎/‎16‎/‎2014 at 3:48 PM, wilsonjimmy807@gmail.com
wrote:    Jose,   the new...","Not available","2020JimmyWilson.E01"
"41BB26E9-00000001.eml","jose.badguy@hushmail.com;","wilsonjimmy807@gmail.com;","R U Still in business","2014-02-17 02:01:25 SGT","Jimmy,

	Haven't heard from you in a long time, Are you still in business, I
need some items made.

	let me know

Jose
 Sent using Hushmail","Not available","2020JimmyWilson.E01"
"77406EE1-00000004.eml","robert.ripoff@gmx.com;","wilsonjimmy807@gmail.com;","Re: new price list","2014-02-17 06:26:52 SGT","Jimmy,
I'm ok with the new prices, I attached what I need to ts email
Let me know when you finish the task
Robert






----- Original Message -----
From: wilso...","Not available","2020JimmyWilson.E01"
"0149685F-00000002.eml","wilsonjimmy807@gmail.com;","jose.badguy@hushmail.com;","Re: R U Still in business","2014-02-17 03:35:28 SGT","Yes I am, My old computer crashed and I had to get a new one,

I just got everything sent up

when you request items make sure you send it in a best crypt encod...","Not available","2020JimmyWilson.E01"
"0BB32EA6-00000003.eml","wilsonjimmy807@gmail.com;","jose.badguy@hushmail.com;","New Price List","2014-02-17 04:48:48 SGT","Jose,

the new price list is attached

Jimmy","Not available","2020JimmyWilson.E01"
"464F61E8-00000004.eml","wilsonjimmy807@gmail.com;","robert.ripoff@gmx.com;","New Price List","2014-02-17 04:50:41 SGT","Robert,

Attached is my new price list

Jimmy","Not available","2020JimmyWilson.E01"
"555D05B6-00000005.eml","wilsonjimmy807@gmail.com;","robert.ripoff@gmx.com;","new price list","2014-02-17 04:53:57 SGT","Robert,

Attached you will find my new price list

Jimmy","Not available","2020JimmyWilson.E01"
"6D3E57A9-00000001.eml","wilsonjimmy807@gmail.com;","robert.ripoff@gmx.com;","Re: New email address","2014-02-17 03:32:15 SGT","Ok

make sure you send it in a best crypt encode test file with the password we discussed earlier

From: Robert Ripoff 
Sent: Sunday, February 16, 2014 12:55 PM...","Not available","2020JimmyWilson.E01"
"00990124-00000003.eml","mail-noreply@google.com;","wilsonjimmy807@gmail.com;","Three tips to get the most out of Gmail","2014-02-17 01:25:38 SGT","Three tips to get the most out of Gmail
[image: Google]

Hi Jimmy


Tips to get the most out of Gmail

[image: Contacts]
Bring your contacts and mail into Gmail...","Not available","2020JimmyWilson.E01"
"12DB153C-00000001.eml","mail-noreply@google.com;","wilsonjimmy807@gmail.com;","The best of Gmail, wherever you are","2014-02-17 01:25:38 SGT","The best of Gmail, wherever you are
[image: Google]
[image: Nexus 4 with Gmail]

Hi Jimmy


Get the official Gmail app

The best features of Gmail are only avai...","Not available","2020JimmyWilson.E01"
"305E440D-00000004.eml","noreply-daa26fef@plus.google.com;","wilsonjimmy807@gmail.com;","Getting started on Google+","2014-02-17 01:26:49 SGT","Hey Jimmy,Welcome to Google+ - we're glad you're here! Here's a video and  
some tips to help you get started:


https://plus.google.com/_/notifications/emlink?...","Not available","2020JimmyWilson.E01"
"390C0F3E-00000002.eml","mail-noreply@google.com;","wilsonjimmy807@gmail.com;","Stay more organized with Gmail's inbox","2014-02-17 01:25:38 SGT","Stay more organized with Gmail's inbox
[image: Google]

Hi Jimmy

Gmail's inbox puts you in control

[image: Inbox video] <https://www.youtube.com/watch?v=CFf7d...","Not available","2020JimmyWilson.E01"
